{"nodes": [
  {"name":"/university-clearing"},
  {"name":"/advice"},

  {"name":"/degrees/what-can-i-do-widget.html"},
  {"name":"/advice/applying-to-uni/are-btecs-as-valuable-as-a-levels/48605/"},
  {"name":"/advice/ultimate-guides/university-clearing-complete-guide/41459/"},
  {"name":"/degrees/ucas-calculator.html"},
  {"name":"/advice/choosing-a-course/what-subjects-should-i-study-to-get-into-social-work/65781/"},
  {"name":"/advice/ultimate-guides/how-do-you-pick-degree-subject/44207/"},
  {"name":"/advice/uni-life/freshers-week-checklist-what-to-take-to-university/15483/"},
  {"name":"/advice/money/5-tricks-to-stop-you-spending-all-your-student-loan/72768/"},
  {"name":"/advice/clearing/myths-about-clearing-you-shouldnt-believe/72868/"},
  {"name":"/advice/clearing/what-is-adjustment/26035/"},

  {"name":"/university-profile"},
  {"name":"/degree-courses/search?clearing="},
  {"name":"/degree-courses/search"},
  {"name":"/degrees/courses/"},
  {"name":"/degrees/notfound.html"},
  {"name":"Homepage"},
  {"name":"Other"}
],


"links":[
  {"source":0,"target":1,"value":7015},
  {"source":0,"target":2,"value":2184},

  {"source":1,"target":3,"value":556},
  {"source":1,"target":4,"value":693},
  {"source":1,"target":5,"value":477},
  {"source":1,"target":6,"value":435},
  {"source":1,"target":7,"value":458},
  {"source":1,"target":8,"value":315},
  {"source":1,"target":9,"value":196},
  {"source":1,"target":10,"value":140},
  {"source":1,"target":11,"value":130},

  {"source":0,"target":12,"value":13452},
  {"source":0,"target":13,"value":5475},
  {"source":0,"target":14,"value":1190},
  {"source":0,"target":15,"value":958},
  {"source":0,"target":16,"value":617},
  {"source":0,"target":17,"value":8364},
  {"source":0,"target":18,"value":6625}


]}